{
    "metadata":{
        "version":3,
        "faces":50,
        "vertices":52,
        "generator":"io_three",
        "type":"Geometry",
        "colors":0,
        "uvs":0,
        "materials":1,
        "normals":45
    },
    "colors":[],
    "uvs":[],
    "faces":[35,21,9,2,17,0,0,1,2,3,35,20,19,6,11,0,4,5,6,7,35,16,18,5,1,0,8,9,10,11,35,9,11,6,2,0,1,7,6,2,35,24,25,7,3,0,12,13,14,15,35,10,8,3,7,0,16,17,15,14,35,14,12,8,10,0,16,17,17,16,35,13,15,11,9,0,18,7,7,1,35,23,20,11,15,0,19,4,7,7,35,22,13,9,21,0,0,18,1,0,35,16,1,13,22,0,8,11,18,0,35,18,23,15,5,0,9,19,7,10,35,1,5,15,13,0,11,10,7,18,35,4,0,12,14,0,20,21,17,16,35,37,39,23,18,0,22,23,19,9,35,36,16,22,43,0,24,8,0,25,35,43,22,21,42,0,25,0,0,0,35,46,47,34,35,0,26,27,28,29,35,2,6,19,17,0,2,6,5,3,35,36,37,18,16,0,24,22,9,8,35,38,41,19,20,0,30,31,5,4,35,42,21,17,40,0,0,0,3,32,35,8,26,24,3,0,17,0,12,15,35,10,7,25,30,0,16,14,13,33,35,0,4,29,28,0,21,20,34,35,35,14,10,30,31,0,16,16,33,36,35,12,27,26,8,0,17,0,0,17,35,0,28,27,12,0,21,35,0,17,35,4,14,31,29,0,20,16,36,34,35,40,41,25,24,0,32,31,13,12,35,45,44,32,33,0,37,38,39,40,35,48,49,33,32,0,41,42,40,39,35,51,46,35,45,0,43,26,29,37,35,50,48,32,44,0,44,41,39,38,35,47,50,44,34,0,27,44,38,28,35,49,51,45,33,0,42,43,37,40,35,35,34,44,45,0,29,28,38,37,35,17,19,41,40,0,3,5,31,32,35,26,42,40,24,0,0,0,32,12,35,30,25,41,38,0,33,13,31,30,35,28,29,37,36,0,35,34,22,24,35,27,43,42,26,0,0,25,0,0,35,28,36,43,27,0,35,24,25,0,35,29,31,39,37,0,34,36,23,22,35,23,39,51,49,0,19,23,43,42,35,30,38,50,47,0,33,30,44,27,35,38,20,48,50,0,30,4,41,44,35,39,31,46,51,0,23,36,26,43,35,20,23,49,48,0,4,19,42,41,35,31,30,47,46,0,36,33,27,26],
    "vertices":[0.525712,-0.668128,-1.29984,0.525712,-0.668128,1.29984,-0.525712,-0.668128,1.29984,-0.525712,-0.668128,-1.29984,0.503861,0.593401,-1.24649,0.50386,0.593401,1.24649,-0.50441,0.593401,1.24649,-0.50441,0.593401,-1.24649,-0.223029,-0.668128,-1.29984,-0.22303,-0.668128,1.29984,-0.21415,0.593401,-1.24649,-0.21415,0.593401,1.24649,0.196266,-0.668128,-1.29984,0.196266,-0.668128,1.29984,0.187936,0.593401,-1.24649,0.187936,0.593401,1.24649,0.525712,-0.668128,0.406949,-0.525712,-0.668128,0.406949,0.525712,0.668128,0.40695,-0.525713,0.668128,0.406949,-0.22303,0.668128,0.406949,-0.22303,-0.668128,0.406949,0.196266,-0.668128,0.406949,0.196266,0.668128,0.406949,-0.525712,-0.668128,-0.464236,-0.525712,0.668128,-0.464235,-0.223029,-0.668128,-0.464236,0.196266,-0.668128,-0.464235,0.525712,-0.668128,-0.464235,0.525712,0.668128,-0.464235,-0.22303,0.668128,-0.464235,0.196266,0.668128,-0.464235,-0.0988085,0.980672,0.149174,0.0720447,0.980672,0.149174,-0.0988084,0.980672,-0.205813,0.0720447,0.980672,-0.205813,0.525712,-0.668128,-0.0207283,0.525712,0.668128,-0.0207276,-0.22303,0.668128,-0.0207282,0.196266,0.668128,-0.020728,-0.525712,-0.668128,-0.0207287,-0.525712,0.668128,-0.0207285,-0.223029,-0.668128,-0.0207286,0.196266,-0.668128,-0.0207284,-0.0988085,0.980672,-0.0250945,0.0720447,0.980672,-0.0250944,0.142463,0.891779,-0.352415,-0.169227,0.891779,-0.352415,-0.169227,0.891779,0.295194,0.142463,0.891779,0.295194,-0.169227,0.891779,-0.022727,0.142463,0.891779,-0.0227269],
    "materials":[{
        "doubleSided":false,
        "specularCoef":0,
        "colorDiffuse":[0.0107283,0.0107283,0.0107283],
        "depthTest":true,
        "opacity":1,
        "DbgColor":15658734,
        "DbgName":"Material",
        "wireframe":false,
        "visible":true,
        "colorSpecular":[0.5,0.5,0.5],
        "blending":1,
        "DbgIndex":0,
        "depthWrite":true,
        "transparent":false,
        "shading":"phong",
        "vertexColors":false,
        "colorEmissive":[0,0,0]
    }],
    "normals":[0,-1,0,0,-0.691977,0.721885,-0.576281,-0.562639,0.5927,-0.708548,-0.705618,0.0044557,-0.185339,0.949095,0.254616,-0.698569,0.714621,0.0356456,-0.575182,0.565081,0.591449,0,0.690451,0.72335,0.708609,-0.705557,0.00457778,0.698599,0.714591,0.0357372,0.574938,0.565203,0.591571,0.576312,-0.562548,0.592761,-0.708548,-0.705588,-0.00479141,-0.69808,0.714988,-0.0382092,-0.575121,0.563219,-0.593249,-0.576098,-0.562456,-0.593036,0,0.688131,-0.725578,0,-0.691977,-0.721885,0,-0.692007,0.721885,0.185339,0.949095,0.254616,0.574877,0.563372,-0.593371,0.576128,-0.562365,-0.593097,0.707083,0.707083,0,0.618885,0.785455,0,0.707083,-0.707083,0,0,-0.999969,0,0.580981,0.62917,-0.516312,-0.580981,0.62917,-0.516312,-0.369427,0.908994,-0.192938,0.369427,0.908994,-0.192938,-0.618885,0.785455,0,-0.707083,0.707083,0,-0.707083,-0.707083,0,-0.185186,0.948241,-0.257881,0.698111,0.714927,-0.0383007,0.708609,-0.705557,-0.00491348,0.185186,0.948241,-0.257881,0.435347,0.900235,0,-0.435347,0.900235,0,-0.369274,0.908902,0.19364,0.369274,0.908902,0.19364,-0.581164,0.628773,0.516556,0.581164,0.628773,0.516556,0.899106,0.437666,0,-0.899106,0.437666,0]
}