{
    "uvs":[],
    "colors":[],
    "normals":[0,-0.707083,-0.707083,0,-0.707083,0.707083,-0.577349,-0.577349,0.577349,-0.577349,-0.577349,-0.577349,-0.707083,0,-0.707083,-0.707083,0,0.707083,0.577349,-0.577349,-0.577349,0.707083,0,-0.707083,0.707083,0,0.707083,0.577349,-0.577349,0.577349,0,0,1,0,0,-1,-0.948668,0,0.316202,-0.948668,0,-0.316202,-0.708152,0.0202033,0.705741,-0.999847,0.0171514,0,0.316202,0,-0.948668,0.948668,0,0.316202,0.715171,0.0466018,-0.697348,0.998718,0.0489822,-0.0119633,0.316202,0,0.948668,-0.316202,0,-0.948668,0,0.0115055,-0.999908,-0.316202,0,0.948668,0.948668,0,-0.316202,0.999847,0.0171514,0,0.708152,0.0202033,0.705771,-0.29603,0.299692,0.906919,1,0,0,0,0.707083,0.707083,-1,0,0,-0.998718,0.0489822,-0.0119633,-0.562273,0.604389,0.564379,0.704459,0.125309,0.698569,0,0.0312204,0.999512,-0.587634,0.578356,-0.565813,0.568011,0.594775,-0.568804,0,0.715201,0.698874,-0.716605,0.697439,0,0,1,0,0.567583,0.592456,0.571673,-0.587146,0.576098,0.568621,0,0.0312204,-0.999512,0.29603,0.299722,0.906919,-0.715171,0.0466018,-0.697348,0.692312,0.152318,0.705313,0,0.0379955,0.999268,0,0.0379955,-0.999268,0.704459,0.125309,-0.698569,-0.704459,0.125309,0.698569,-0.704459,0.125309,-0.698569,0.562273,0.604389,0.564379,0.522111,0.630207,0.574602,0,0.719932,0.694021,0,0.719932,-0.694021,0.692312,0.152318,-0.705313,-0.692312,0.152318,0.705313,-0.692312,0.152318,-0.705313,-0.522111,0.630207,-0.574602,-0.522111,0.630207,0.574602,0.522111,0.630207,-0.574602,0.716605,0.697439,0,-0.694845,0.719108,0,-0.567583,0.592456,0.571673,0.587146,0.576098,0.568621,0.587634,0.578356,-0.565783,-0.568011,0.594775,-0.568804,0.694845,0.719108,0],
    "metadata":{
        "colors":0,
        "normals":68,
        "materials":1,
        "generator":"io_three",
        "faces":170,
        "type":"Geometry",
        "uvs":0,
        "version":3,
        "vertices":180
    },
    "faces":[35,104,105,2,3,0,0,1,2,3,35,7,6,10,11,0,4,5,5,4,35,0,4,5,1,0,6,7,8,9,35,105,107,6,2,0,1,10,5,2,35,2,6,7,3,0,2,5,4,3,35,106,104,3,7,0,11,0,3,4,35,11,10,14,15,0,4,5,12,4,35,107,5,9,109,0,10,8,8,10,35,106,7,11,108,0,11,4,4,11,35,5,4,8,9,0,8,7,7,8,35,31,30,70,71,0,13,5,14,15,35,109,9,13,111,0,10,8,8,10,35,108,11,15,110,0,11,4,4,11,35,9,8,12,13,0,8,7,16,8,35,112,113,18,19,0,0,1,2,3,35,23,22,26,27,0,4,5,5,4,35,16,20,21,17,0,6,7,8,9,35,113,115,22,18,0,1,10,5,2,35,18,22,23,19,0,2,5,4,3,35,114,112,19,23,0,11,0,3,4,35,27,26,30,31,0,4,5,5,13,35,115,21,25,117,0,10,8,8,10,35,114,23,27,116,0,11,4,4,11,35,21,20,24,25,0,8,7,7,8,35,45,44,72,73,0,17,7,18,19,35,117,25,29,119,0,10,8,20,10,35,116,27,31,118,0,11,4,13,11,35,25,24,28,29,0,8,7,7,20,35,130,131,34,35,0,0,1,2,3,35,39,38,42,43,0,4,5,5,4,35,32,36,37,33,0,6,7,8,9,35,131,133,38,34,0,1,10,5,2,35,34,38,39,35,0,2,5,4,3,35,132,130,35,39,0,11,0,3,4,35,43,42,46,47,0,4,5,5,21,35,133,37,41,135,0,10,8,8,10,35,132,39,43,134,0,11,4,4,11,35,37,36,40,41,0,8,7,7,8,35,136,47,75,146,0,11,21,22,22,35,135,41,45,137,0,10,8,17,10,35,134,43,47,136,0,11,4,21,11,35,41,40,44,45,0,8,7,7,17,35,138,139,50,51,0,0,1,2,3,35,55,54,58,59,0,4,5,5,4,35,48,52,53,49,0,6,7,8,9,35,139,141,54,50,0,1,10,5,2,35,50,54,55,51,0,2,5,4,3,35,140,138,51,55,0,11,0,3,4,35,59,58,62,63,0,4,5,23,4,35,141,53,57,143,0,10,8,8,10,35,140,55,59,142,0,11,4,4,11,35,53,52,56,57,0,8,7,7,8,35,61,60,76,77,0,8,24,25,26,35,143,57,61,145,0,10,8,8,10,35,142,59,63,144,0,11,4,4,11,35,57,56,60,61,0,8,7,24,8,35,145,61,77,149,0,10,8,26,27,35,47,12,64,75,0,21,16,22,22,35,168,170,76,60,0,28,25,25,24,35,29,62,78,69,0,20,23,29,29,35,169,173,66,14,0,30,15,31,12,35,147,73,85,151,0,32,19,33,34,35,147,165,159,73,0,32,35,36,19,35,65,74,86,81,0,37,37,34,34,35,148,79,78,149,0,38,39,29,27,35,175,147,74,171,0,38,32,37,39,35,78,79,68,69,0,29,39,39,29,35,149,77,161,167,0,27,26,40,41,35,75,64,80,87,0,22,22,42,42,35,171,172,68,79,0,39,39,39,39,35,119,29,69,123,0,10,20,29,43,35,15,14,66,67,0,4,12,31,44,35,110,15,67,120,0,11,4,44,22,35,151,85,93,153,0,34,33,45,46,35,81,86,94,89,0,34,34,46,46,35,87,80,88,95,0,42,42,47,47,35,146,75,87,150,0,22,22,42,42,35,73,72,84,85,0,19,18,48,33,35,67,66,82,83,0,44,31,49,50,35,121,65,81,125,0,51,37,34,34,35,120,67,83,124,0,22,44,50,42,35,153,93,101,155,0,46,45,52,53,35,89,94,102,97,0,46,46,53,53,35,95,88,96,103,0,47,47,54,54,35,150,87,95,152,0,42,42,47,47,35,85,84,92,93,0,33,48,55,45,35,83,82,90,91,0,50,49,56,57,35,125,81,89,127,0,34,34,46,46,35,124,83,91,126,0,42,50,57,47,35,128,99,98,129,0,54,58,59,53,35,154,103,102,155,0,54,54,53,53,35,103,96,97,102,0,54,54,53,53,35,152,95,103,154,0,47,47,54,54,35,93,92,100,101,0,45,55,60,52,35,91,90,98,99,0,57,56,59,58,35,127,89,97,129,0,46,46,53,53,35,126,91,99,128,0,47,57,58,54,35,88,126,128,96,0,47,47,54,54,35,90,127,129,98,0,56,46,53,59,35,96,128,129,97,0,54,54,53,53,35,80,124,126,88,0,42,42,47,47,35,82,125,127,90,0,49,34,46,56,35,64,120,124,80,0,22,22,42,42,35,66,121,125,82,0,31,51,34,49,35,12,110,120,64,0,16,11,22,22,35,30,119,123,70,0,5,10,43,14,35,172,65,121,174,0,39,37,51,61,35,68,122,123,69,0,39,61,43,29,35,24,116,118,28,0,7,11,11,7,35,26,117,119,30,0,5,10,10,5,35,20,114,116,24,0,7,11,11,7,35,22,115,117,26,0,5,10,10,5,35,20,16,112,114,0,7,6,0,11,35,17,21,115,113,0,9,8,10,1,35,16,17,113,112,0,6,9,1,0,35,8,108,110,12,0,7,11,11,16,35,10,109,111,14,0,5,10,10,12,35,4,106,108,8,0,7,11,11,7,35,6,107,109,10,0,5,10,10,5,35,4,0,104,106,0,7,6,0,11,35,1,5,107,105,0,9,8,10,1,35,0,1,105,104,0,6,9,1,0,35,92,152,154,100,0,55,47,54,60,35,100,154,155,101,0,60,54,53,52,35,84,150,152,92,0,48,42,47,55,35,94,153,155,102,0,46,46,53,53,35,72,146,150,84,0,18,22,42,48,35,86,151,153,94,0,34,34,46,46,35,175,179,165,147,0,38,38,35,32,35,148,149,167,166,0,38,27,41,38,35,74,147,151,86,0,37,32,34,34,35,62,145,149,78,0,23,10,27,29,35,56,142,144,60,0,7,11,11,24,35,58,143,145,62,0,5,10,10,23,35,52,140,142,56,0,7,11,11,7,35,54,141,143,58,0,5,10,10,5,35,52,48,138,140,0,7,6,0,11,35,49,53,141,139,0,9,8,10,1,35,48,49,139,138,0,6,9,1,0,35,40,134,136,44,0,7,11,11,7,35,42,135,137,46,0,5,10,10,5,35,44,136,146,72,0,7,11,22,18,35,36,132,134,40,0,7,11,11,7,35,38,133,135,42,0,5,10,10,5,35,36,32,130,132,0,7,6,0,11,35,33,37,133,131,0,9,8,10,1,35,32,33,131,130,0,6,9,1,0,35,163,158,157,164,0,61,62,63,64,35,178,162,156,177,0,61,65,66,62,35,176,159,165,179,0,67,36,35,38,35,160,166,167,161,0,67,38,41,40,35,123,122,163,164,0,43,61,61,64,35,174,178,163,122,0,61,61,61,61,35,173,177,156,66,0,15,62,66,31,35,170,176,160,76,0,25,67,67,25,35,77,76,160,161,0,26,25,67,40,35,71,70,157,158,0,15,14,63,62,35,70,123,164,157,0,14,43,64,63,35,66,156,162,121,0,31,66,65,51,35,73,159,176,170,0,19,36,67,25,35,71,158,177,173,0,15,62,62,15,35,121,162,178,174,0,51,65,61,61,35,160,176,179,166,0,67,67,38,38,35,163,178,177,158,0,61,61,62,62,35,148,166,179,175,0,38,38,38,38,35,68,172,174,122,0,39,39,61,61,35,74,65,172,171,0,37,37,39,39,35,148,175,171,79,0,38,38,39,39,35,31,71,173,169,0,13,15,15,30,35,45,73,170,168,0,17,19,25,28],
    "materials":[{
        "specularCoef":50,
        "colorEmissive":[0,0,0],
        "DbgColor":15658734,
        "DbgIndex":0,
        "wireframe":false,
        "colorDiffuse":[0.8,0.420022,0.131123],
        "colorSpecular":[0.5,0.5,0.5],
        "DbgName":"Material",
        "vertexColors":false,
        "depthWrite":true,
        "visible":true,
        "depthTest":true,
        "doubleSided":false,
        "blending":1,
        "transparent":false,
        "shading":"phong",
        "opacity":1
    }],