{
    "faces":[35,0,1,2,3,0,0,1,2,3,35,14,13,37,38,0,4,5,6,7,35,0,4,5,1,0,0,8,5,1,35,1,5,6,2,0,1,5,4,2,35,2,6,7,3,0,2,4,9,3,35,4,0,3,7,0,8,0,3,9,35,8,9,10,11,0,0,1,2,3,35,7,6,34,35,0,9,4,7,10,35,8,12,13,9,0,0,8,5,1,35,9,13,14,10,0,1,5,4,2,35,10,14,15,11,0,2,4,9,3,35,12,8,11,15,0,8,0,3,9,35,16,17,18,19,0,0,1,2,3,35,30,29,45,46,0,4,5,6,7,35,16,20,21,17,0,0,8,5,1,35,17,21,22,18,0,1,5,4,2,35,18,22,23,19,0,2,4,9,3,35,20,16,19,23,0,8,0,3,9,35,24,25,26,27,0,0,1,2,3,35,23,22,42,43,0,9,4,7,10,35,24,28,29,25,0,0,8,5,1,35,25,29,30,26,0,1,5,4,2,35,26,30,31,27,0,2,4,9,3,35,28,24,27,31,0,8,0,3,9,35,32,35,34,33,0,11,10,7,6,35,36,39,38,37,0,11,10,7,6,35,40,43,42,41,0,11,10,7,6,35,44,47,46,45,0,11,10,7,6,35,20,23,43,40,0,8,9,10,11,35,29,28,44,45,0,5,8,11,6,35,4,7,35,32,0,8,9,10,11,35,13,12,36,37,0,5,8,11,6,35,31,30,46,47,0,9,4,7,10,35,15,14,38,39,0,9,4,7,10,35,22,21,41,42,0,4,5,6,7,35,28,31,47,44,0,8,9,10,11,35,6,5,33,34,0,4,5,6,7,35,12,15,39,36,0,8,9,10,11,35,21,20,40,41,0,5,8,11,6,35,5,4,32,33,0,5,8,11,6,35,52,53,49,48,0,7,10,3,2,35,53,54,50,49,0,10,11,0,3,35,54,55,51,50,0,11,6,1,0,35,55,52,48,51,0,6,7,2,1,35,48,49,50,51,0,2,3,0,1,35,55,54,53,52,0,6,11,10,7],
    "uvs":[],
    "colors":[],
    "materials":[{
        "DbgColor":15658734,
        "colorEmissive":[0,0,0],
        "blending":1,
        "transparent":false,
        "depthTest":true,
        "visible":true,
        "opacity":1,
        "colorSpecular":[0.5,0.5,0.5],
        "depthWrite":true,
        "DbgIndex":0,
        "colorDiffuse":[0.0852278,0.037638,0.00680349],
        "DbgName":"Material",
        "vertexColors":false,
        "shading":"phong",
        "wireframe":false,
        "doubleSided":false,
        "specularCoef":0
    }],
    "vertices":[0.26111,-0.234042,-2.32463,0.26111,-0.234041,-1.80241,-0.26111,-0.234041,-1.80241,-0.26111,-0.234042,-2.32463,0.261111,1.10634,-2.32463,0.26111,1.10634,-1.80241,-0.261111,1.10634,-1.80241,-0.26111,1.10634,-2.32463,2.0208,-0.234042,-2.32463,2.0208,-0.234041,-1.80241,1.49858,-0.234041,-1.80241,1.49858,-0.234042,-2.32463,2.0208,1.10634,-2.32463,2.0208,1.10634,-1.80241,1.49858,1.10634,-1.80241,1.49858,1.10634,-2.32463,0.26111,-0.234041,1.47188,0.26111,-0.234041,1.9941,-0.26111,-0.234041,1.9941,-0.26111,-0.234041,1.47188,0.261111,1.10634,1.47188,0.26111,1.10634,1.9941,-0.261111,1.10634,1.9941,-0.26111,1.10634,1.47188,2.0208,-0.234041,1.47188,2.0208,-0.234041,1.9941,1.49858,-0.234041,1.9941,1.49858,-0.234041,1.47188,2.0208,1.10634,1.47188,2.0208,1.10634,1.9941,1.49858,1.10634,1.9941,1.49858,1.10634,1.47188,0.261111,1.70989,-2.32463,0.26111,1.70989,-1.80241,-0.261111,1.70989,-1.80241,-0.26111,1.70989,-2.32463,2.0208,1.70989,-2.32463,2.0208,1.70989,-1.80241,1.49858,1.70989,-1.80241,1.49858,1.70989,-2.32463,0.261111,1.70989,1.47188,0.26111,1.70989,1.9941,-0.261111,1.70989,1.9941,-0.26111,1.70989,1.47188,2.0208,1.70989,1.47188,2.0208,1.70989,1.9941,1.49858,1.70989,1.9941,1.49858,1.70989,1.47188,-0.493892,1.71987,2.41453,-0.493892,1.71987,-2.84332,2.24227,1.71987,-2.84332,2.24227,1.71987,2.41453,-0.493892,2.21479,2.41453,-0.493892,2.21479,-2.84332,2.24227,2.21479,-2.84332,2.24227,2.21479,2.41453],
    "normals":[0.577349,-0.577349,-0.577349,0.577349,-0.577349,0.577349,-0.577349,-0.577349,0.577349,-0.577349,-0.577349,-0.577349,-0.707083,0,0.707083,0.707083,0,0.707083,0.577349,0.577349,0.577349,-0.577349,0.577349,0.577349,0.707083,0,-0.707083,-0.707083,0,-0.707083,-0.577349,0.577349,-0.577349,0.577349,0.577349,-0.577349],
    "metadata":{
        "faces":46,
        "version":3,
        "generator":"io_three",
        "normals":12,
        "uvs":0,
        "colors":0,
        "materials":1,
        "vertices":56,
        "type":"Geometry"
    }
}