{
    "metadata":{
        "version":3,
        "generator":"io_three",
        "uvs":0,
        "materials":1,
        "vertices":20,
        "colors":0,
        "faces":18,
        "type":"Geometry",
        "normals":20
    },
    "uvs":[],
    "normals":[0.577349,-0.577349,-0.577349,0.577349,-0.577349,0.577349,-0.577349,-0.577349,0.577349,-0.577349,-0.577349,-0.577349,0.833735,0.534257,0.139286,-0.828303,0.529954,0.181677,-0.840022,0.507492,-0.191748,0.836695,0.504959,-0.21189,0.546831,0.812586,0.201605,0.588031,-0.182928,0.787866,0.568468,-0.800989,-0.187658,-0.591083,0.791925,-0.153111,-0.591083,-0.166234,-0.78927,-0.563311,-0.808588,0.169805,0.591083,-0.791925,0.153111,0.563311,-0.157292,-0.811121,0.563311,0.808588,-0.169805,-0.574969,-0.797235,-0.183874,-0.577776,-0.172887,0.797662,-0.528275,0.824122,0.20423],
    "materials":[{
        "doubleSided":false,
        "transparent":false,
        "opacity":1,
        "shading":"lambert",
        "DbgColor":15658734,
        "DbgName":"Material",
        "DbgIndex":0,
        "depthTest":true,
        "vertexColors":false,
        "colorEmissive":[0,0,0],
        "blending":1,
        "wireframe":false,
        "colorDiffuse":[0.0578023,0.0149655,0.001194],
        "visible":true,
        "depthWrite":true
    }],
    "vertices":[1,-1,-1,1,-1,1,-1,-1,1,-1,-1,-1,1,1,-1,0.999999,1,1,-1,1,1,-1,1,-1,0.951414,1.72112,1.69986,-0.920135,1.74564,1.69986,0.950811,1.61645,-1.92849,-1.04919,1.61645,-1.92849,1,0.94249,-1.03818,-1,0.94249,-1.03818,0.950811,1.55894,-1.96667,-1.04919,1.55894,-1.96667,0.999999,0.912782,1.02601,-1,0.912782,1.02601,0.951414,1.6339,1.72587,-0.920135,1.65842,1.72587],
    "faces":[35,0,1,2,3,0,0,1,2,3,35,4,7,6,5,0,4,5,6,7,35,0,4,5,1,0,0,4,7,1,35,1,5,6,2,0,1,7,6,2,35,2,6,7,3,0,2,6,5,3,35,4,0,3,7,0,4,0,3,5,35,5,8,18,16,0,7,8,9,10,35,7,11,15,13,0,5,11,12,13,35,12,13,15,14,0,14,13,12,15,35,10,4,12,14,0,16,4,14,15,35,11,10,14,15,0,11,16,15,12,35,4,7,13,12,0,4,5,13,14,35,17,16,18,19,0,17,10,9,18,35,9,6,17,19,0,19,6,17,18,35,8,9,19,18,0,8,19,18,9,35,6,5,16,17,0,6,7,10,17,35,8,5,6,9,0,8,7,6,19,35,4,10,11,7,0,4,16,11,5],
    "colors":[]
}