{
    "faces":[34,1,3,2,0,0,0,0,34,0,4,6,0,1,1,1,34,2,3,4,0,2,2,2,34,2,5,1,0,3,3,3,34,0,7,5,0,4,4,4,34,8,6,13,0,5,5,5,34,5,9,1,0,6,6,6,34,5,7,8,0,7,7,7,34,1,12,13,0,8,8,8,34,9,11,12,0,9,9,9,34,9,8,10,0,10,10,10,34,16,13,17,0,11,11,11,34,12,15,13,0,12,12,12,34,11,14,15,0,13,13,13,34,11,10,16,0,14,14,14,34,23,17,22,0,15,15,15,34,15,19,17,0,16,16,16,34,14,18,19,0,17,17,17,34,14,16,23,0,18,18,18,34,19,21,22,0,19,19,19,34,18,20,21,0,20,20,20,34,22,28,29,0,21,21,21,34,21,20,25,0,22,22,22,34,20,23,24,0,23,23,23,34,21,27,28,0,24,24,24,34,21,25,26,0,25,25,25,34,25,24,29,0,26,26,26,34,28,32,33,0,27,27,27,34,28,27,31,0,28,28,28,34,27,26,30,0,29,29,29,34,29,33,30,0,30,30,30,34,31,30,33,0,31,31,31,34,1,4,3,0,32,32,32,34,7,0,6,0,33,33,33,34,0,2,4,0,34,34,34,34,4,1,6,0,35,35,35,34,2,0,5,0,36,36,36,34,8,7,6,0,37,37,37,34,10,8,13,0,38,38,38,34,9,5,8,0,39,39,39,34,16,10,13,0,40,40,40,34,6,1,13,0,41,41,41,34,1,9,12,0,42,42,42,34,11,9,10,0,43,43,43,34,12,11,15,0,44,44,44,34,14,11,16,0,45,45,45,34,23,16,17,0,46,46,46,34,13,15,17,0,47,47,47,34,15,14,19,0,48,48,48,34,18,14,23,0,49,49,49,34,17,19,22,0,50,50,50,34,19,18,21,0,51,51,51,34,20,18,23,0,52,52,52,34,23,22,24,0,53,53,53,34,24,22,29,0,54,54,54,34,25,20,24,0,55,55,55,34,22,21,28,0,56,56,56,34,27,21,26,0,57,57,57,34,26,25,29,0,58,58,58,34,29,28,33,0,59,59,59,34,31,27,30,0,60,60,60,34,26,29,30,0,61,61,61,34,32,28,31,0,62,62,62,34,32,31,33,0,63,63,63],
    "normals":[0.293592,0.954724,0.0480309,-0.256541,-0.965159,-0.051519,0.277402,-0.0192697,-0.960561,0.272876,0.960507,0.0544532,-0.885583,0.463843,-0.0243294,-0.270249,-0.945057,0.183938,0.355496,0.91341,-0.198252,-0.82312,0.549327,0.143922,0.879499,0.343371,-0.329513,0.340855,0.89936,-0.273805,-0.393647,0.674654,0.624407,-0.0664344,-0.936235,0.345037,0.450088,-0.448053,-0.772443,0.154495,0.903391,-0.400021,-0.369524,0.223302,0.901991,0.0964981,-0.936731,0.336488,0.163979,0.039803,-0.98566,-0.00295673,0.853381,-0.52128,0.0751324,-0.0230758,0.996907,-0.583857,0.111651,-0.804142,-0.121078,0.920196,-0.372263,0.316187,-0.915609,0.248369,-0.272989,0.898864,-0.342812,0.613724,-0.273543,0.740619,-0.938039,0.145407,-0.314546,-0.364021,0.91497,-0.174121,0.919166,-0.196173,0.341541,0.395084,-0.911396,0.115179,-0.983463,0.174302,-0.0491822,-0.417962,0.901851,-0.109418,0.977875,-0.202582,0.0521545,-0.0771876,0.0204315,-0.996807,0.901569,-0.432159,0.0202991,-0.253389,-0.965939,-0.0524984,0.0464333,-0.339568,-0.939435,0.87542,-0.482797,0.0233884,-0.91325,0.406917,-0.0198393,-0.280277,-0.943286,0.177921,-0.245366,-0.930273,0.272739,-0.809301,0.569339,0.144516,-0.152451,-0.920451,0.359901,0.763998,-0.406327,-0.501204,0.387599,0.905292,-0.173822,-0.689784,0.3552,0.630897,0.209999,0.922776,-0.323087,-0.339183,0.286857,0.895917,0.0326084,-0.906232,0.421522,0.162532,0.0366305,-0.986023,0.130849,0.907224,-0.399779,0.0391391,-0.204067,0.978174,-0.281197,0.682321,-0.674808,-0.233349,0.883616,-0.405919,0.387305,0.244276,0.889002,0.2211,-0.914666,0.33838,0.291803,-0.939572,0.17904,0.678798,-0.112227,0.725699,-0.81646,0.421398,-0.394738,-0.376354,0.901216,-0.214866,0.932716,-0.151019,0.327467,0.374805,-0.921177,0.104661,-0.416483,0.902633,-0.108606,0.983478,-0.173033,0.0531998,-0.998551,0.00570465,-0.0535061,0.0252529,-0.594126,-0.803976],
    "colors":[],
    "materials":[{
        "transparent":false,
        "colorDiffuse":[0.8,0.310904,0.153551],
        "wireframe":false,
        "shading":"lambert",
        "depthTest":true,
        "colorEmissive":[0,0,0],
        "DbgColor":15658734,
        "visible":true,
        "DbgIndex":0,
        "DbgName":"Material",
        "blending":1,
        "opacity":1,
        "depthWrite":true,
        "doubleSided":false,
        "vertexColors":false
    }],
    "vertices":[0.314861,0.000804472,0.280898,0.170077,0.0155089,-0.157769,0.293919,-0.0454318,0.296575,0.1533,-0.000100528,0.255056,0.172329,0.0398185,0.259751,0.310617,-0.027477,-0.103809,0.192719,0.0566222,-0.156585,0.335372,0.0180903,-0.136151,0.286524,-0.00410862,-0.330792,0.260146,-0.0499572,-0.297883,0.203319,0.000878555,-0.388636,0.181296,-0.0468516,-0.385842,0.138752,0.0122064,-0.244818,0.104853,0.0558085,-0.289861,0.0319655,-0.0464098,-0.442518,0.0432129,0.0140775,-0.301572,0.0682371,0.00154876,-0.444141,-0.0483645,0.0573947,-0.315058,-0.165771,-0.0416562,-0.433614,-0.102917,0.0246286,-0.325457,-0.28101,-0.0370237,-0.384682,-0.257701,0.0361121,-0.211479,-0.233584,0.0709698,-0.22415,-0.21823,0.00128029,-0.422558,-0.382968,0.0136516,-0.281476,-0.393566,-0.0306807,-0.278419,-0.44245,-0.0229542,-0.135621,-0.299727,0.04997,-0.0797429,-0.292673,0.0889136,-0.082776,-0.433853,0.0252084,-0.137895,-0.455735,0.0160963,0.236992,-0.30931,0.0824577,0.227014,-0.307692,0.11822,0.200637,-0.446059,0.0628596,0.237201],
    "metadata":{
        "faces":64,
        "normals":64,
        "colors":0,
        "type":"Geometry",
        "uvs":0,
        "version":3,
        "materials":1,
        "generator":"io_three",
        "vertices":34
    },
    "uvs":[]
}