{
    "faces":[34,27,1,15,0,0,0,0,34,16,4,7,0,1,1,1,34,21,7,4,0,2,2,2,34,20,0,2,0,3,3,3,34,10,7,25,0,4,4,4,34,13,16,7,0,5,5,5,34,5,6,12,0,6,6,6,34,18,9,8,0,7,7,7,34,3,10,23,0,8,8,8,34,9,11,12,0,9,9,9,34,19,13,10,0,10,10,10,34,22,4,16,0,11,11,11,34,5,14,15,0,12,12,12,34,0,17,2,0,13,13,13,34,9,12,8,0,14,14,14,34,13,19,24,0,15,15,15,34,8,24,28,0,16,16,16,34,5,25,27,0,17,17,17,34,1,22,26,0,18,18,18,34,9,23,25,0,19,19,19,34,6,16,24,0,20,20,20,34,20,23,9,0,21,21,21,34,26,16,6,0,22,22,22,34,20,2,19,0,23,23,23,34,27,21,22,0,24,24,24,34,14,27,15,0,25,25,25,34,27,7,21,0,26,26,26,34,22,21,4,0,27,27,27,34,28,19,2,0,28,28,28,34,10,13,7,0,29,29,29,34,11,5,12,0,30,30,30,34,17,18,8,0,31,31,31,34,3,19,10,0,32,32,32,34,20,3,23,0,33,33,33,34,24,16,13,0,34,34,34,34,25,23,10,0,35,35,35,34,26,22,16,0,36,36,36,34,27,25,7,0,37,37,37,34,6,5,15,0,38,38,38,34,0,18,17,0,39,39,39,34,28,24,19,0,40,40,40,34,17,8,28,0,41,41,41,34,18,0,20,0,42,42,42,34,14,5,27,0,43,43,43,34,15,1,26,0,44,44,44,34,11,9,25,0,45,45,45,34,12,6,24,0,46,46,46,34,8,12,24,0,47,47,47,34,18,20,9,0,48,48,48,34,11,25,5,0,49,49,49,34,15,26,6,0,50,50,50,34,3,20,19,0,51,51,51,34,17,28,2,0,52,52,52,34,1,27,22,0,53,53,53],
    "normals":[-0.111505,-0.888917,-0.44429,0.0115098,0.999426,-0.0318471,0.0161161,0.351869,-0.935911,-0.032897,-0.206182,0.977961,-0.997632,0.0687531,0.00187161,0.0027331,0.999994,-0.00220674,-0.0939854,-0.935088,-0.341726,-0.179127,-0.76808,-0.61479,-0.998107,0.0614776,-0.00155037,-0.111442,-0.866217,0.487082,0.000533834,0.999996,0.00267972,0.99651,0.0583266,0.0597153,-0.0966134,-0.760031,0.642665,0.000196899,-0.255865,0.966713,-0.235962,-0.92895,0.285261,0.999696,0.0243546,-0.00378597,0.975075,-0.213487,-0.060434,-0.989881,-0.108738,-0.0911701,0.972277,-0.213242,0.09594,-0.997397,-0.0596331,0.0405385,0.999765,-0.0128669,-0.0174314,-0.996209,-0.0767132,-0.0410243,0.997557,0.0155098,0.0681088,-0.00593002,0.114665,0.993387,0.177936,-0.487764,-0.854649,0.0170126,-0.74038,-0.671973,-0.806035,-0.0645156,-0.58834,0.192655,0.147289,-0.970149,0.999067,0.0366817,0.0228097,7.64486e-05,1,6.49094e-05,0.00521519,-0.872904,-0.487864,-0.00244068,-0.976097,-0.217324,-0.00300263,0.999973,0.00665244,-0.998328,0.057796,9.57727e-05,0.999683,0.02357,0.0089028,-0.997931,0.0640456,0.00565985,0.989666,0.00929118,0.143092,-0.989016,-0.0684892,-0.130982,-0.0741375,-0.737612,0.671142,0.0720412,-0.833003,-0.548558,0.998867,0.0451293,-0.0151201,0.971699,-0.231967,-0.044635,-0.998702,-0.0499954,-0.0097236,-0.981995,-0.174301,-0.0728403,0.972917,-0.21186,0.0924564,-0.976595,-0.214725,-0.0124751,0.975439,-0.165413,0.145458,0.984847,-0.172973,-0.0125328,-0.997599,-0.020539,-0.0661362,-0.979023,-0.069127,0.191664,0.958313,-0.232421,-0.166184,-0.00150422,0.10708,0.994249,0.974028,-0.20437,0.097483,-0.0364461,-0.111265,-0.993122],
    "colors":[],
    "materials":[{
        "transparent":false,
        "colorDiffuse":[0.295692,0.271371,0.289497],
        "wireframe":false,
        "shading":"lambert",
        "depthTest":true,
        "colorEmissive":[0,0,0],
        "DbgColor":15658734,
        "visible":true,
        "DbgIndex":0,
        "DbgName":"Material",
        "blending":1,
        "opacity":1,
        "depthWrite":true,
        "doubleSided":false,
        "vertexColors":false
    }],
    "vertices":[0.251328,0.883583,-0.539838,-0.251435,0.847443,0.633316,-0.308408,0.531795,-0.632833,0.253365,0.156792,-0.588628,-0.307239,0.159728,0.626492,0.253485,0.701882,0.270863,-0.293327,0.756842,0.270863,0.253784,0.153501,0.633812,-0.252903,0.778621,-0.244402,0.242897,0.655542,-0.235093,0.252408,0.153548,-0.101483,0.202381,0.823047,0.0535244,-0.23726,0.849924,0.00073481,-0.293327,0.153584,-0.00602286,0.200478,0.90397,0.50189,-0.218239,0.926885,0.466042,-0.297596,0.154647,0.470523,-0.250702,0.846553,-0.549536,0.253485,0.822376,-0.446608,-0.295574,0.155148,-0.589281,0.27222,0.482554,-0.623683,0.128251,0.512101,0.766471,-0.330382,0.505997,0.674468,0.264218,0.343567,-0.169451,-0.301306,0.484281,0.0144177,0.275418,0.476454,0.301593,-0.305725,0.540682,0.501682,0.210896,0.794992,0.622226,-0.313116,0.574755,-0.495735],
    "metadata":{
        "faces":54,
        "normals":54,
        "colors":0,
        "type":"Geometry",
        "uvs":0,
        "version":3,
        "materials":1,
        "generator":"io_three",
        "vertices":29
    },
    "uvs":[]
}