{
    "faces":[34,0,5,14,0,0,0,0,34,0,6,15,0,1,1,1,34,0,7,16,0,2,2,2,34,0,8,17,0,3,3,3,34,10,18,11,0,4,4,4,34,1,13,20,0,5,5,5,34,1,12,19,0,6,6,6,34,2,6,14,0,7,7,7,34,14,18,10,0,8,8,8,34,2,10,19,0,9,9,9,34,3,7,15,0,10,10,10,34,3,15,19,0,11,11,11,34,3,12,20,0,12,12,12,34,3,9,16,0,13,13,13,34,4,8,16,0,14,14,14,34,4,9,20,0,15,15,15,34,4,13,11,0,16,16,16,34,5,11,18,0,17,17,17,34,6,0,14,0,18,18,18,34,7,0,15,0,19,19,19,34,8,0,16,0,20,20,20,34,5,0,17,0,21,21,21,34,1,10,11,0,22,22,22,34,13,1,11,0,23,23,23,34,12,1,20,0,24,24,24,34,10,1,19,0,25,25,25,34,2,14,10,0,26,26,26,34,15,2,19,0,27,27,27,34,6,2,15,0,28,28,28,34,12,3,19,0,29,29,29,34,9,3,20,0,30,30,30,34,7,3,16,0,31,31,31,34,9,4,16,0,32,32,32,34,13,4,20,0,33,33,33,34,17,4,11,0,34,34,34,34,8,4,17,0,35,35,35,34,14,5,18,0,36,36,36,34,5,17,11,0,37,37,37],
    "normals":[0.0780442,-0.993986,-0.0768191,0.0585422,-0.994801,0.0833275,-0.0819684,-0.994914,0.0585489,-0.0585325,-0.994636,-0.0852822,0.22723,0.868104,-0.441317,-0.00150815,0.996864,-0.079123,0.351711,0.935384,0.0368118,0.919183,0.26673,-0.289756,0.703431,0.422166,-0.571805,0.873972,0.485972,-0.00201828,0.289132,0.333454,0.897335,0.303411,0.352157,0.885397,0.113018,0.154823,0.981456,-0.298022,0.334407,0.894067,-0.896514,0.332053,0.293262,-0.923254,0.229982,0.307751,-0.76437,0.0485289,-0.642949,-0.334296,0.337688,-0.879894,0.0584618,-0.993433,-0.0983489,0.0844596,-0.994706,0.0585367,-0.0585489,-0.994914,0.0819684,-0.0875236,-0.994525,-0.0570986,0.197743,0.980123,-0.0160242,0.00904591,0.964408,0.264266,0.230469,0.972327,0.0382656,0.26878,0.95109,0.152264,0.839841,0.384157,-0.383524,0.908166,0.285192,0.30643,0.898214,0.303392,0.318066,0.528721,0.129443,0.838867,-0.316154,-0.0215988,0.948462,-0.293826,0.32876,0.897543,-0.892891,0.337878,0.29763,-0.859336,0.032609,0.510371,-0.934288,0.250305,-0.253877,-0.886764,0.33709,-0.316259,0.30389,0.204449,-0.930511,-0.34788,0.332944,-0.876429],
    "colors":[],
    "materials":[{
        "transparent":false,
        "wireframe":false,
        "shading":"lambert",
        "depthTest":true,
        "colorEmissive":[0.147717,0.122051,0.129634],
        "DbgColor":15658734,
        "visible":true,
        "DbgIndex":0,
        "DbgName":"Material",
        "blending":1,
        "opacity":1,
        "depthWrite":true,
        "doubleSided":false,
        "vertexColors":false
    }],
    "vertices":[5.96046e-08,-0.0664259,-1.16306e-07,-1.19209e-07,1.0198,1.34237e-07,0.608196,0.431346,-0.0322538,-0.00376229,0.437418,0.580382,-0.577588,0.437418,0.00655682,-0.0887992,-0.015887,-0.744154,0.75,-0.0222898,6.0579e-08,-8.9407e-08,-0.0222898,0.75,-0.75,-0.0222898,-2.15093e-07,-0.434131,0.437418,0.436926,0.317686,0.953328,-0.145569,-0.340958,1.0849,-0.22589,-3.57628e-07,1.00047,0.491128,-0.549307,1.02032,0.0169316,0.574138,0.0188424,-0.520019,0.538716,0.012477,0.5635,-0.555556,0.0120383,0.555555,-0.538851,0.0128373,-0.554603,0.107913,0.831213,-0.493788,0.36397,0.871866,0.28157,-0.25435,1.05998,0.51103],
    "metadata":{
        "faces":38,
        "normals":38,
        "colors":0,
        "type":"Geometry",
        "uvs":0,
        "version":3,
        "materials":1,
        "generator":"io_three",
        "vertices":21
    },
    "uvs":[]
}