{
    "materials":[{
        "DbgIndex":0,
        "shading":"phong",
        "specularCoef":50,
        "doubleSided":true,
        "colorEmissive":[0,0,0],
        "colorDiffuse":[0.0299278,0.0299278,0.0299278],
        "colorSpecular":[0.5,0.5,0.5],
        "blending":1,
        "depthWrite":true,
        "DbgColor":15658734,
        "wireframe":false,
        "opacity":1,
        "visible":true,
        "vertexColors":false,
        "transparent":false,
        "DbgName":"Rock",
        "depthTest":true
    },{
        "DbgIndex":1,
        "shading":"phong",
        "specularCoef":50,
        "doubleSided":true,
        "colorEmissive":[0,0,0],
        "colorDiffuse":[0.64,0.64,0.64],
        "colorSpecular":[0.5,0.5,0.5],
        "blending":1,
        "depthWrite":true,
        "DbgColor":15597568,
        "wireframe":false,
        "opacity":1,
        "visible":true,
        "vertexColors":false,
        "transparent":false,
        "DbgName":"Snow",
        "depthTest":true
    }],
    "uvs":[],
    "colors":[],
    "faces":[34,0,12,14,0,0,0,0,34,1,12,16,0,1,1,1,34,0,14,18,0,2,2,2,34,0,18,20,0,2,2,2,34,0,20,15,0,2,2,2,34,1,16,23,0,3,3,3,34,2,13,25,0,4,4,4,34,3,17,27,0,5,5,5,34,4,19,29,0,6,6,6,34,5,21,31,0,7,7,7,34,1,23,24,0,8,8,8,34,2,25,26,0,9,9,9,34,3,27,28,0,10,10,10,34,4,29,30,0,11,11,11,34,5,31,22,0,12,12,12,34,6,32,38,0,13,13,13,34,7,33,39,0,14,14,14,34,8,34,40,0,15,15,15,34,9,35,41,0,16,16,16,34,10,36,37,0,17,17,17,34,14,13,2,0,18,18,18,34,14,12,13,0,19,19,19,34,12,1,13,0,20,20,20,34,16,15,5,0,21,21,21,34,16,12,15,0,22,22,22,34,12,0,15,0,2,2,2,34,18,17,3,0,23,23,23,34,18,14,17,0,24,24,24,34,14,2,17,0,25,25,25,34,20,19,4,0,26,26,26,34,20,18,19,0,27,27,27,34,18,3,19,0,28,28,28,34,15,21,5,0,29,29,29,34,15,20,21,0,30,30,30,34,20,4,21,0,31,31,31,34,23,22,10,0,32,32,32,34,23,16,22,0,33,33,33,34,16,5,22,0,34,34,34,34,25,24,6,0,35,35,35,34,25,13,24,0,36,36,36,34,13,1,24,0,37,37,37,34,27,26,7,0,38,38,38,34,27,17,26,0,39,39,39,34,17,2,26,0,40,40,40,34,29,28,8,0,41,41,41,34,29,19,28,0,42,42,42,34,19,3,28,0,43,43,43,34,31,30,9,0,44,44,44,34,31,21,30,0,45,45,45,34,21,4,30,0,46,46,46,34,24,32,6,0,47,47,47,34,24,23,32,0,48,48,48,34,23,10,32,0,49,49,49,34,26,33,7,0,50,50,50,34,26,25,33,0,51,51,51,34,25,6,33,0,52,52,52,34,28,34,8,0,53,53,53,34,28,27,34,0,54,54,54,34,27,7,34,0,55,55,55,34,30,35,9,0,56,56,56,34,30,29,35,0,57,57,57,34,29,8,35,0,58,58,58,34,22,36,10,0,59,59,59,34,22,31,36,0,60,60,60,34,31,9,36,0,61,61,61,34,38,37,11,0,62,62,62,34,38,32,37,0,63,63,63,34,32,10,37,0,64,64,64,34,39,38,11,0,65,65,65,34,39,33,38,0,66,66,66,34,33,6,38,0,67,67,67,34,40,39,11,0,68,68,68,34,40,34,39,0,69,69,69,34,34,7,39,0,70,70,70,34,41,40,11,0,71,71,71,34,41,35,40,0,72,72,72,34,35,8,40,0,73,73,73,34,37,41,11,0,74,74,74,34,37,36,41,0,75,75,75,34,36,9,41,0,76,76,76,34,42,54,56,1,77,77,77,34,43,54,58,1,78,78,78,34,42,56,60,1,79,79,79,34,42,60,62,1,80,80,80,34,42,62,57,1,81,81,81,34,43,58,65,1,82,82,82,34,44,55,67,1,83,83,83,34,45,59,69,1,84,84,84,34,46,61,71,1,85,85,85,34,47,63,73,1,86,86,86,34,43,65,66,1,87,87,87,34,44,67,68,1,88,88,88,34,45,69,70,1,89,89,89,34,46,71,72,1,90,90,90,34,47,73,64,1,91,91,91,34,48,74,80,1,92,92,92,34,49,75,81,1,93,93,93,34,50,76,82,1,94,94,94,34,51,77,83,1,95,95,95,34,52,78,79,1,96,96,96,34,56,55,44,1,97,97,97,34,56,54,55,1,98,98,98,34,54,43,55,1,99,99,99,34,58,57,47,1,100,100,100,34,58,54,57,1,101,101,101,34,54,42,57,1,102,102,102,34,60,59,45,1,103,103,103,34,60,56,59,1,104,104,104,34,56,44,59,1,105,105,105,34,62,61,46,1,106,106,106,34,62,60,61,1,107,107,107,34,60,45,61,1,108,108,108,34,57,63,47,1,109,109,109,34,57,62,63,1,110,110,110,34,62,46,63,1,111,111,111,34,65,64,52,1,112,112,112,34,65,58,64,1,113,113,113,34,58,47,64,1,114,114,114,34,67,66,48,1,115,115,115,34,67,55,66,1,116,116,116,34,55,43,66,1,117,117,117,34,69,68,49,1,118,118,118,34,69,59,68,1,119,119,119,34,59,44,68,1,120,120,120,34,71,70,50,1,121,121,121,34,71,61,70,1,122,122,122,34,61,45,70,1,123,123,123,34,73,72,51,1,124,124,124,34,73,63,72,1,125,125,125,34,63,46,72,1,126,126,126,34,66,74,48,1,127,127,127,34,66,65,74,1,128,128,128,34,65,52,74,1,129,129,129,34,68,75,49,1,130,130,130,34,68,67,75,1,131,131,131,34,67,48,75,1,132,132,132,34,70,76,50,1,133,133,133,34,70,69,76,1,134,134,134,34,69,49,76,1,135,135,135,34,72,77,51,1,136,136,136,34,72,71,77,1,137,137,137,34,71,50,77,1,138,138,138,34,64,78,52,1,139,139,139,34,64,73,78,1,140,140,140,34,73,51,78,1,141,141,141,34,80,79,53,1,142,142,142,34,80,74,79,1,143,143,143,34,74,52,79,1,144,144,144,34,81,80,53,1,145,145,145,34,81,75,80,1,146,146,146,34,75,48,80,1,147,147,147,34,82,81,53,1,148,148,148,34,82,76,81,1,149,149,149,34,76,49,81,1,150,150,150,34,83,82,53,1,151,151,151,34,83,77,82,1,152,152,152,34,77,50,82,1,153,153,153,34,79,83,53,1,154,154,154,34,79,78,83,1,155,155,155,34,78,51,83,1,156,156,156],
    "vertices":[-1.1398,-0.0179984,0.891989,-0.81921,-0.0179933,0.95893,-1.16976,-0.0172079,1.16964,-1.47467,-0.0205784,0.995965,-1.31988,-0.0181718,0.679411,-0.912543,-0.0178463,0.655801,-1.06678,0.311047,1.06566,-1.40656,0.287459,1.13094,-1.43284,0.194878,0.835162,-1.01668,0.26519,0.628224,-0.827364,0.257713,0.855086,-1.21257,0.424983,0.8772,-0.951253,-0.0179984,0.93135,-0.968309,-0.0179785,1.09436,-1.1568,-0.0179984,1.05513,-1.00627,-0.0179984,0.753175,-0.818818,-0.0180628,0.792877,-1.35493,-0.0186421,1.11613,-1.33885,-0.0179984,0.953456,-1.4439,-0.0185846,0.829401,-1.24582,-0.0179984,0.766836,-1.11229,-0.0179985,0.62802,-0.820813,0.123331,0.723846,-0.808493,0.105156,0.899288,-0.855052,0.113964,1.03196,-1.14946,0.174416,1.1669,-1.34455,0.157799,1.20946,-1.43541,0.0850041,1.07248,-1.47137,0.0723088,0.921325,-1.41483,0.0954294,0.751585,-1.22847,0.110158,0.603789,-0.917183,0.130576,0.596889,-0.890357,0.267556,0.971359,-1.32997,0.392618,1.17247,-1.43559,0.22616,0.974654,-1.35393,0.265959,0.695685,-0.837319,0.306449,0.711395,-0.910945,0.381669,0.870146,-1.12965,0.418585,0.994028,-1.38314,0.429001,1.03091,-1.40654,0.358595,0.839464,-1.09362,0.38489,0.729934,-1.14014,0.0163704,0.892095,-0.827941,0.0163754,0.957283,-1.16931,0.0171403,1.16247,-1.46624,0.013858,0.993348,-1.31551,0.0162016,0.685082,-0.91883,0.0165186,0.66209,-1.06903,0.336801,1.06121,-1.39991,0.313831,1.12479,-1.4255,0.223673,0.836755,-1.02024,0.292144,0.635235,-0.835881,0.284863,0.856157,-1.211,0.447754,0.877693,-0.956526,0.0163704,0.930424,-0.973136,0.0163898,1.08917,-1.15669,0.0163704,1.05096,-1.0101,0.0163704,0.756915,-0.827559,0.0163077,0.795577,-1.34964,0.0157436,1.11037,-1.33398,0.0163704,0.951952,-1.43628,0.0157996,0.831145,-1.24338,0.0163704,0.770218,-1.11335,0.0163704,0.635036,-0.829502,0.154,0.728353,-0.817504,0.136301,0.899202,-0.862844,0.144878,1.0284,-1.14954,0.203748,1.15981,-1.33953,0.187566,1.20125,-1.42801,0.116676,1.06786,-1.46302,0.104313,0.920662,-1.40797,0.126829,0.755367,-1.22649,0.141172,0.611439,-0.923349,0.161055,0.60472,-0.897225,0.294449,0.969386,-1.32533,0.416237,1.16523,-1.42819,0.254136,0.972594,-1.34866,0.292893,0.70093,-0.845575,0.332324,0.716228,-0.917274,0.405574,0.870823,-1.13025,0.441524,0.991462,-1.3771,0.451667,1.02738,-1.3999,0.383104,0.840944,-1.09516,0.408711,0.734282],
    "metadata":{
        "version":3,
        "materials":2,
        "faces":160,
        "uvs":0,
        "generator":"io_three",
        "colors":0,
        "vertices":84,
        "type":"Geometry",
        "normals":157
    },