{
    "vertices":[-0.550814,-0.605359,2.38693,-0.550814,-0.0556631,2.38693,-0.511255,-0.605359,2.39978,-0.511255,-0.0556631,2.39978,-0.486806,-0.605359,2.43343,-0.486806,-0.0556631,2.43343,-0.486806,-0.605359,2.47503,-0.486806,-0.0556631,2.47503,-0.511255,-0.605359,2.50868,-0.511255,-0.0556631,2.50868,-0.550814,-0.605359,2.52153,-0.550814,-0.0556631,2.52153,-0.590374,-0.605359,2.50868,-0.590374,-0.0556631,2.50868,-0.614823,-0.605359,2.47503,-0.614823,-0.0556631,2.47503,-0.614823,-0.605359,2.43343,-0.614823,-0.0556631,2.43343,-0.590374,-0.605359,2.39978,-0.590374,-0.0556631,2.39978,-0.584846,-0.352084,2.4974,-0.21975,-0.0407472,2.53945,-0.62319,-0.0407485,2.85121,-0.828556,-0.0407458,2.73468,-0.858949,-0.0407485,2.25339,-0.444629,-0.0407472,2.1438,-0.390157,0.918919,2.76167,-0.844802,0.91892,2.78538,-0.964746,0.91892,2.33934,-0.675519,0.918919,2.1231,-0.277691,0.918917,2.39591,-0.583508,1.63182,2.48322,-0.512522,-0.290015,2.69842,-0.359937,-0.290014,2.51571,-0.25286,-0.0727534,2.63866,-0.268949,-0.0727503,2.33454,-0.492452,-0.290014,2.29305,-0.751839,-0.290013,2.60744,-0.725638,-0.0727522,2.80032,-0.73415,-0.290015,2.35284,-0.920382,-0.0727522,2.40908,-0.629157,-0.0727534,2.14411,-0.289038,0.406875,2.73691,-0.220683,0.384335,2.49752,-0.714911,0.415702,2.87883,-0.441707,0.415701,2.91247,-0.967502,0.404953,2.58522,-0.903569,0.399057,2.75172,-0.649373,0.384332,2.04943,-0.911923,0.384332,2.18166,-0.241194,0.384331,2.33036,-0.478149,0.384332,2.09105,-0.305629,0.908998,2.57406,-0.620281,0.908997,2.83015,-0.934946,0.908996,2.66328,-0.8197,0.908997,2.19154,-0.371406,0.939845,2.28827,-0.664097,1.49056,2.67304,-0.418855,1.49056,2.62596,-0.797434,1.49056,2.5034,-0.615913,1.49056,2.26823,-0.425811,1.49056,2.33641],
    "normals":[0.309017,0,-0.951057,0.809016,0,-0.587787,1,0,0,0.809018,0,0.587784,0.309017,0,0.951057,-0.309017,0,0.951057,-0.809018,0,0.587784,-1,0,0,0,1,-0,0,1,0,-0,1,0,-0.309017,0,-0.951057,-0.809016,0,-0.587787,0,-1,0,0,-1,-0,0.244903,-0.947732,0.204517,0.869126,-0.475998,-0.134333,-0.127017,-0.93395,0.334073,-0.362845,-0.931509,-0.0252048,-0.0797977,-0.943182,-0.322554,0.928897,0.260082,-0.263645,0.500347,0.0482397,0.86448,-0.50442,0.129036,0.853762,-0.905595,0.30512,-0.294619,-0.0762783,0.431095,-0.899077,0.73891,-0.172898,0.651244,-0.541976,-0.158834,0.825247,-0.937337,-0.329851,-0.112238,0.204053,-0.503449,-0.839584,0.914606,-0.388463,-0.112217,0.823533,0.448501,0.347333,-0.155824,0.447345,0.880683,-0.844615,0.527086,0.0938437,-0.404762,0.469601,-0.784629,0.727581,0.403081,-0.555115,0.452703,-0.311197,0.835593,0.616689,-0.595375,0.514998,0.859341,-0.495387,0.126981,0.597001,-0.493315,-0.632637,0.675506,-0.618122,-0.402017,0.274797,-0.947492,-0.163541,-0.570176,-0.505892,0.647281,-0.279268,-0.61844,0.734535,-0.211446,-0.577304,0.788676,-0.743779,-0.533204,-0.403096,-0.764928,-0.64192,-0.0531421,-0.865716,-0.411731,0.284628,0.0895065,-0.524216,-0.846868,-0.186019,-0.632484,-0.751905,-0.426156,-0.51115,-0.746402,0.954223,0.150851,0.258267,0.936775,-0.201042,0.286417,0.739465,0.155462,-0.654999,-0.116734,0.296056,0.948011,-0.104633,-0.516771,0.849706,0.920847,0.155597,0.357534,-0.929446,0.0817736,0.359783,-0.893297,-0.30266,0.332291,-0.426736,-0.0680481,0.901813,-0.439392,0.21391,-0.872455,-0.412312,-0.399701,-0.818681,-0.955946,0.144751,0.255372,0.67978,0.291328,-0.673073,0.67749,-0.3017,-0.670808,-0.425171,0.0354666,-0.904418,0.911919,0.0292486,0.409328,0.740144,0.229452,0.632091,0.983704,0.0840513,0.158942,-0.197117,-0.0411335,0.979517,-0.56018,0.187096,0.806966,0.2834,0.0401905,0.958159,-0.988524,-0.123385,0.0871566,-0.986428,0.0854265,-0.140218,-0.802285,-0.0404095,0.595572,-0.420909,-0.101358,-0.901422,0.223601,0.321775,-0.920034,-0.714503,-0.0428195,-0.698321,0.748974,-0.0457772,-0.661016,0.968672,0.218049,-0.118866,0.474434,0.0445926,-0.879161,0.119979,0.771374,0.62497,0.188278,-0.0508785,0.980797,0.971212,0.174628,0.162026,-0.48428,0.787776,0.380633,-0.781697,0.107081,0.614397,0.263913,0.270032,0.925977,-0.529434,0.743436,-0.408659,-0.791464,0.0191961,-0.610914,-0.771655,0.331663,0.542722,0.20044,0.804653,-0.55889,0.33758,0.00584019,-0.941279,-0.664849,0.321867,-0.674075,0.658915,0.752051,-0.0158246,0.994665,0.100352,-0.0238952,0.467143,0.122686,-0.875629],
    "materials":[{
        "DbgIndex":0,
        "doubleSided":false,
        "opacity":1,
        "DbgColor":15658734,
        "vertexColors":false,
        "shading":"phong",
        "depthWrite":true,
        "DbgName":"Material.004",
        "transparent":false,
        "blending":1,
        "wireframe":false,
        "colorSpecular":[0,0,0],
        "depthTest":true,
        "specularCoef":50,
        "colorEmissive":[0,0,0],
        "colorDiffuse":[0.0,0.226,0.088],
        "visible":true
    },{
        "DbgIndex":1,
        "doubleSided":false,
        "opacity":1,
        "DbgColor":15597568,
        "vertexColors":false,
        "shading":"phong",
        "depthWrite":true,
        "DbgName":"Material.004",
        "transparent":false,
        "blending":1,
        "wireframe":false,
        "colorSpecular":[0.5,0.5,0.5],
        "depthTest":true,
        "specularCoef":50,
        "colorEmissive":[0,0,0],
        "colorDiffuse":[0.64,0.64,0.64],
        "visible":true
    }],
    "faces":[35,0,1,3,2,1,0,0,0,0,35,2,3,5,4,1,1,1,1,1,35,4,5,7,6,1,2,2,2,2,35,6,7,9,8,1,3,3,3,3,35,8,9,11,10,1,4,4,4,4,35,10,11,13,12,1,5,5,5,5,35,12,13,15,14,1,6,6,6,6,35,14,15,17,16,1,7,7,7,7,34,3,7,5,1,8,8,8,34,11,9,7,1,9,9,9,34,15,13,11,1,9,9,9,34,19,17,15,1,9,9,9,34,3,1,19,1,10,10,10,34,3,11,7,1,9,9,9,34,19,15,11,1,9,9,9,34,3,19,11,1,10,10,10,35,1,0,18,19,1,11,11,11,11,35,16,17,19,18,1,12,12,12,12,34,0,16,18,1,13,13,13,34,12,14,16,1,13,13,13,34,8,10,12,1,13,13,13,34,4,6,8,1,13,13,13,34,0,2,4,1,13,13,13,34,0,12,16,1,13,13,13,34,4,8,12,1,13,13,13,34,0,4,12,1,14,14,14,34,20,33,32,0,15,15,15,34,21,33,35,0,16,16,16,34,20,32,37,0,17,17,17,34,20,37,39,0,18,18,18,34,20,39,36,0,19,19,19,34,21,35,42,0,20,20,20,34,22,34,44,0,21,21,21,34,23,38,46,0,22,22,22,34,24,40,48,0,23,23,23,34,25,41,50,0,24,24,24,34,21,42,45,0,25,25,25,34,22,44,47,0,26,26,26,34,23,46,49,0,27,27,27,34,24,48,51,0,28,28,28,34,25,50,43,0,29,29,29,34,26,52,57,0,30,30,30,34,27,53,59,0,31,31,31,34,28,54,60,0,32,32,32,34,29,55,61,0,33,33,33,34,30,56,58,0,34,34,34,34,32,34,22,0,35,35,35,34,32,33,34,0,36,36,36,34,33,21,34,0,37,37,37,34,35,36,25,0,38,38,38,34,35,33,36,0,39,39,39,34,33,20,36,0,40,40,40,34,37,38,23,0,41,41,41,34,37,32,38,0,42,42,42,34,32,22,38,0,43,43,43,34,39,40,24,0,44,44,44,34,39,37,40,0,45,45,45,34,37,23,40,0,46,46,46,34,36,41,25,0,47,47,47,34,36,39,41,0,48,48,48,34,39,24,41,0,49,49,49,34,42,43,30,0,50,50,50,34,42,35,43,0,51,51,51,34,35,25,43,0,52,52,52,34,44,45,26,0,53,53,53,34,44,34,45,0,54,54,54,34,34,21,45,0,55,55,55,34,46,47,27,0,56,56,56,34,46,38,47,0,57,57,57,34,38,22,47,0,58,58,58,34,48,49,28,0,59,59,59,34,48,40,49,0,60,60,60,34,40,23,49,0,61,61,61,34,50,51,29,0,62,62,62,34,50,41,51,0,63,63,63,34,41,24,51,0,64,64,64,34,45,52,26,0,65,65,65,34,45,42,52,0,66,66,66,34,42,30,52,0,67,67,67,34,47,53,27,0,68,68,68,34,47,44,53,0,69,69,69,34,44,26,53,0,70,70,70,34,49,54,28,0,71,71,71,34,49,46,54,0,72,72,72,34,46,27,54,0,73,73,73,34,51,55,29,0,74,74,74,34,51,48,55,0,75,75,75,34,48,28,55,0,76,76,76,34,43,56,30,0,77,77,77,34,43,50,56,0,78,78,78,34,50,29,56,0,79,79,79,34,57,58,31,0,80,80,80,34,57,52,58,0,81,81,81,34,52,30,58,0,82,82,82,34,59,57,31,0,83,83,83,34,59,53,57,0,84,84,84,34,53,26,57,0,85,85,85,34,60,59,31,0,86,86,86,34,60,54,59,0,87,87,87,34,54,27,59,0,88,88,88,34,61,60,31,0,89,89,89,34,61,55,60,0,90,90,90,34,55,28,60,0,91,91,91,34,58,61,31,0,92,92,92,34,58,56,61,0,93,93,93,34,56,29,61,0,94,94,94],
    "metadata":{
        "version":3,
        "generator":"io_three",
        "vertices":62,
        "faces":106,
        "uvs":0,
        "type":"Geometry",
        "normals":95,
        "materials":2,
        "colors":0
    },
    "colors":[],
    "uvs":[]
}