{
    "faces":[34,4,16,3,0,0,0,0,34,3,13,5,0,1,1,1,34,14,4,5,0,2,2,2,34,12,5,13,0,3,3,3,34,6,21,7,1,4,4,4,34,6,7,10,1,5,5,5,34,7,22,8,1,6,6,6,34,23,9,8,1,7,7,7,34,23,6,11,1,8,8,8,34,9,11,10,1,9,9,9,34,2,15,0,0,10,10,10,34,2,1,16,0,11,11,11,34,0,12,13,0,12,12,12,34,15,14,12,0,13,13,13,34,16,14,19,0,14,14,14,34,16,1,13,0,15,15,15,34,12,14,19,0,16,16,16,34,16,17,20,0,17,17,17,34,1,23,22,1,18,18,18,34,0,22,21,1,19,19,19,34,1,2,21,1,20,20,20,34,4,3,5,0,21,21,21,34,3,16,13,0,22,22,22,34,4,14,16,0,23,23,23,34,12,14,5,0,24,24,24,34,11,6,10,1,25,25,25,34,21,22,7,1,26,26,26,34,10,7,8,1,27,27,27,34,22,23,8,1,28,28,28,34,9,23,11,1,29,29,29,34,8,9,10,1,30,30,30,34,15,2,16,0,31,31,31,34,1,0,13,0,32,32,32,34,0,15,12,0,33,33,33,34,17,16,19,0,34,34,34,34,18,12,19,0,35,35,35,34,19,14,15,0,36,36,36,34,19,15,20,0,37,37,37,34,15,16,20,0,38,38,38,34,23,1,6,1,39,39,39,34,0,1,22,1,40,40,40,34,2,0,21,1,41,41,41,34,6,1,21,1,42,42,42,34,17,19,20,0,43,43,43],
    "normals":[-0.973325,0.22943,-0.000979707,0.0639409,-0.996744,-0.0491248,-0.0208551,0.154955,0.987701,0.993524,-0.0885713,0.0711632,-0.947362,-0.222023,-0.230675,-0.88689,0.374564,-0.27042,0.093226,0.446632,0.889848,0.862647,0.415462,-0.2885,-0.303953,0.0156242,-0.952559,0.0955626,0.973722,-0.206718,0.0164395,-0.140436,0.989953,-0.794699,0.217813,-0.566578,0.518241,-0.161641,0.839821,0.2469,0.265164,0.932056,-0.580132,-0.783027,-0.224311,-0.516268,-0.0699465,-0.853566,-0.622431,-0.482532,0.616232,0.409953,0.264543,-0.872901,0.526182,-0.849198,-0.0446829,-0.080936,-0.834834,0.54452,-0.824146,-0.256533,-0.50495,-0.00118931,-0.999883,0.0152518,0.0339053,-0.0514759,-0.998098,-0.973828,0.22711,-0.00896982,0.116666,0.159145,0.980338,-0.938508,0.31814,-0.134125,-0.133087,-0.167952,0.97677,0.0101985,0.576035,0.817361,0.983688,0.178577,-0.0216504,0.173843,0.361542,-0.916006,0.308524,0.951076,0.0163411,-0.979275,0.0857876,-0.183472,0.982208,-0.16557,-0.0886268,-0.22252,0.0533949,0.973465,-0.457569,-0.888589,-0.0322561,0.526023,0.355293,-0.772701,-0.120262,0.257212,0.958843,-0.136687,0.337155,0.931474,0.779833,0.552135,-0.294971,-0.390991,-0.35428,-0.849477,0.42893,-0.902698,0.033994,-0.074946,-0.830586,0.551824,-0.765471,-0.545447,-0.341383,-0.925699,-0.346371,0.152014],
    "colors":[],
    "materials":[{
        "transparent":false,
        "colorDiffuse":[0.319571,0.0943364,0.00343347],
        "wireframe":false,
        "shading":"lambert",
        "depthTest":true,
        "colorEmissive":[0.0639141,0.0188673,0.000686695],
        "DbgColor":15658734,
        "visible":true,
        "DbgIndex":0,
        "DbgName":"Material",
        "blending":1,
        "opacity":1,
        "depthWrite":true,
        "doubleSided":false,
        "vertexColors":false
    },{
        "transparent":false,
        "colorDiffuse":[0.209114,1,0.0857246],
        "wireframe":false,
        "shading":"lambert",
        "depthTest":true,
        "colorEmissive":[0.043914,0.21,0.0180022],
        "DbgColor":15597568,
        "visible":true,
        "DbgIndex":1,
        "DbgName":"Material.001",
        "blending":1,
        "opacity":1,
        "depthWrite":true,
        "doubleSided":false,
        "vertexColors":false
    }],
    "vertices":[0.44918,1.55987,-0.0099975,0.409013,1.52637,-0.392572,0.147698,1.59357,-0.000209346,-0.104714,0.0372761,-0.144931,-0.104024,0.0413392,0.121488,0.164068,0.0411072,0.127185,0.00805646,2.13153,-0.460405,-0.20654,2.20714,0.348142,0.762309,2.64797,0.0253774,0.563951,2.72071,-0.462988,0.194602,2.83427,-0.0988305,0.223461,2.74221,-0.519122,0.248796,0.87469,-0.0182201,0.184195,0.0553719,-0.13605,0.12592,1.02144,-0.0274204,0.12056,1.15026,-0.0626479,0.136425,1.06009,-0.18949,-0.0336246,1.14957,-0.242235,0.107375,1.0466,-0.0354463,0.00427696,1.1238,-0.0701357,-0.133825,1.43462,-0.202905,-0.100855,1.81185,0.294572,0.924758,1.80252,0.43271,0.89129,1.84385,-0.746956],
    "metadata":{
        "faces":44,
        "normals":44,
        "colors":0,
        "type":"Geometry",
        "uvs":0,
        "version":3,
        "materials":2,
        "generator":"io_three",
        "vertices":24
    },
    "uvs":[]
}